PersonID,PhNo
1,9002030001
2,9002030002
3,9002030003
4,9002030004
5,9002030005
6,9002030006
7,9002030007
8,9002030008
9,9002030009
10,9000600021
11,9000600022
12,9000600023
13,9000600024
14,9000600025
15,9000600026
16,9000600027
17,9000600028
18,9000600029
19,9909969121
20,9909969122
21,9909969123
22,9909969124
23,9909969125
24,9909969126
25,9909969127
26,9909969128
27,9909969129
28,9909969220
29,9909969221
30,9909969222
31,9909969223
32,9909969224
33,9909969225
34,9909969226
35,9909969227
36,9909969228
37,9909969229
38,9908812340
39,9908812341
40,9908812342
41,9908812343
42,9908812344
43,9908812345
44,9908812346
45,9908812347
46,9908812348
47,9908812349
48,9000100010
49,9000100011
50,9000100012
51,9000100013
52,9000100014
53,9000100015
54,9000100016
55,9000100017
56,9000100018
57,9000100019
58,9010203040
59,9010203041
60,9010203042
