StudentID,PassHash,,,,PeesonID
11001,f331ccb4b3464b505b5a877f7acca6b4,,,,1
11002,f331ccb4b3464b505b5a877f7acca6b4,,,,2
11003,f331ccb4b3464b505b5a877f7acca6b5,,,,3
11004,f331ccb4b3464b505b5a877f7acca6b6,,,,4
11005,f331ccb4b3464b505b5a877f7acca6b7,,,,5
11006,f331ccb4b3464b505b5a877f7acca6b8,,,,6
11007,f331ccb4b3464b505b5a877f7acca6b9,,,,7
11008,f331ccb4b3464b505b5a877f7acca6b10,,,,8
11009,f331ccb4b3464b505b5a877f7acca6b11,,,,9
11010,f331ccb4b3464b505b5a877f7acca6b12,,,,10
11011,f331ccb4b3464b505b5a877f7acca6b13,,,,11
11012,f331ccb4b3464b505b5a877f7acca6b14,,,,12
11013,f331ccb4b3464b505b5a877f7acca6b15,,,,13
11014,f331ccb4b3464b505b5a877f7acca6b16,,,,14
11015,f331ccb4b3464b505b5a877f7acca6b17,,,,15
11016,f331ccb4b3464b505b5a877f7acca6b18,,,,16
11017,f331ccb4b3464b505b5a877f7acca6b19,,,,17
11018,f331ccb4b3464b505b5a877f7acca6b20,,,,18
11019,f331ccb4b3464b505b5a877f7acca6b21,,,,19
11020,f331ccb4b3464b505b5a877f7acca6b22,,,,20
11021,f331ccb4b3464b505b5a877f7acca6b23,,,,21
11022,f331ccb4b3464b505b5a877f7acca6b24,,,,22
11023,f331ccb4b3464b505b5a877f7acca6b25,,,,23
11024,f331ccb4b3464b505b5a877f7acca6b26,,,,24
11025,f331ccb4b3464b505b5a877f7acca6b27,,,,25
11026,f331ccb4b3464b505b5a877f7acca6b28,,,,26
11027,f331ccb4b3464b505b5a877f7acca6b29,,,,27
11028,f331ccb4b3464b505b5a877f7acca6b30,,,,28
11029,f331ccb4b3464b505b5a877f7acca6b31,,,,29
11030,f331ccb4b3464b505b5a877f7acca6b32,,,,30
11031,f331ccb4b3464b505b5a877f7acca6b33,,,,31
11032,f331ccb4b3464b505b5a877f7acca6b34,,,,32
11033,f331ccb4b3464b505b5a877f7acca6b35,,,,33
11034,f331ccb4b3464b505b5a877f7acca6b36,,,,34
11035,f331ccb4b3464b505b5a877f7acca6b37,,,,35
11036,f331ccb4b3464b505b5a877f7acca6b38,,,,36
11037,f331ccb4b3464b505b5a877f7acca6b39,,,,37
11038,f331ccb4b3464b505b5a877f7acca6b40,,,,38
11039,f331ccb4b3464b505b5a877f7acca6b41,,,,39
11040,f331ccb4b3464b505b5a877f7acca6b42,,,,40
11041,f331ccb4b3464b505b5a877f7acca6b43,,,,41
11042,f331ccb4b3464b505b5a877f7acca6b44,,,,42
11043,f331ccb4b3464b505b5a877f7acca6b45,,,,43
11044,f331ccb4b3464b505b5a877f7acca6b46,,,,44
11045,f331ccb4b3464b505b5a877f7acca6b47,,,,45
11046,f331ccb4b3464b505b5a877f7acca6b48,,,,46
11047,f331ccb4b3464b505b5a877f7acca6b49,,,,47
11048,f331ccb4b3464b505b5a877f7acca6b50,,,,48
11049,f331ccb4b3464b505b5a877f7acca6b51,,,,39
11050,f331ccb4b3464b505b5a877f7acca6b52,,,,50
11051,f331ccb4b3464b505b5a877f7acca6b53,,,,51
12001,f331ccb4b3464b505b5a877f7acca6b54,,,,52
12002,f331ccb4b3464b505b5a877f7acca6b55,,,,53
12003,f331ccb4b3464b505b5a877f7acca6b56,,,,54
12004,f331ccb4b3464b505b5a877f7acca6b57,,,,55
12005,f331ccb4b3464b505b5a877f7acca6b58,,,,56
12006,f331ccb4b3464b505b5a877f7acca6b59,,,,57
12007,f331ccb4b3464b505b5a877f7acca6b60,,,,58
12008,f331ccb4b3464b505b5a877f7acca6b61,,,,59
